datetime,station,allowed,moved,queued
2022-11-27T05:00:00.0,Metro_AlAziziyah,15,15,0
2022-11-27T05:00:00.0,Metro_AlBiddaConcourse,46,46,0
2022-11-27T05:00:00.0,Metro_AlBiddaGreenPlatformNorthBound,0,0,0
2022-11-27T05:00:00.0,Metro_AlBiddaGreenPlatformSouthBound,0,0,0
2022-11-27T05:00:00.0,Metro_AlBiddaRedAndGreenPlatformNorthBound,0,0,0
2022-11-27T05:00:00.0,Metro_AlBiddaRedAndGreenPlatformSouthBound,0,0,0
2022-11-27T05:00:00.0,Metro_AlBiddaRedPlatformNorthBound,0,0,0
2022-11-27T05:00:00.0,Metro_AlBiddaRedPlatformSouthBound,0,0,0
2022-11-27T05:00:00.0,Metro_AlDohaAlJadeda,13,13,0
2022-11-27T05:00:00.0,Metro_AlMansoura,9,9,0
2022-11-27T05:00:00.0,Metro_AlMatarAlQadeem,24,24,0
2022-11-27T05:00:00.0,Metro_AlMessila,3,3,0
2022-11-27T05:00:00.0,Metro_AlQassar,44,44,0
2022-11-27T05:00:00.0,Metro_AlRayyanAlQadeem,1,1,0
2022-11-27T05:00:00.0,Metro_AlRiffa,3,3,0
2022-11-27T05:00:00.0,Metro_AlSadd,6,6,0
2022-11-27T05:00:00.0,Metro_AlShaqab,0,0,0
2022-11-27T05:00:00.0,Metro_AlSudan,5,5,0
2022-11-27T05:00:00.0,Metro_AlWaabQLM,0,0,0
2022-11-27T05:00:00.0,Metro_AlWakra,49,49,0
2022-11-27T05:00:00.0,Metro_BinMahmoud,21,21,0
2022-11-27T05:00:00.0,Metro_Corniche,0,0,0
2022-11-27T05:00:00.0,Metro_DECC,14,14,0
2022-11-27T05:00:00.0,Metro_EducationCity,17,17,0
2022-11-27T05:00:00.0,Metro_FreeZone,6,6,0
2022-11-27T05:00:00.0,Metro_HamadHospital,2,2,0
2022-11-27T05:00:00.0,Metro_HamadIntlAirportT1,43,43,0
2022-11-27T05:00:00.0,Metro_Joaan,9,9,1
2022-11-27T05:00:00.0,Metro_Katara,1,1,0
2022-11-27T05:00:00.0,Metro_Legtaifiya,16,16,0
2022-11-27T05:00:00.0,Metro_Lusail,9,9,0
2022-11-27T05:00:00.0,Metro_MsheirebConcourse,9,9,0
2022-11-27T05:00:00.0,Metro_MsheirebGoldPlatformEastBound,0,0,0
2022-11-27T05:00:00.0,Metro_MsheirebGoldPlatformWestBound,0,0,0
2022-11-27T05:00:00.0,Metro_MsheirebRedAndGreenPlatformNorthBound,0,0,0
2022-11-27T05:00:00.0,Metro_MsheirebRedAndGreenPlatformSouthBound,0,0,0
2022-11-27T05:00:00.0,Metro_NationalMuseum,8,8,0
2022-11-27T05:00:00.0,Metro_OqbaIbnNafie,3,3,0
2022-11-27T05:00:00.0,Metro_QatarNationalLibrary,5,5,0
2022-11-27T05:00:00.0,Metro_QatarUniversity,38,38,0
2022-11-27T05:00:00.0,Metro_RasBuAbboud,2,2,0
2022-11-27T05:00:00.0,Metro_RasBuFontas,1,1,0
2022-11-27T05:00:00.0,Metro_SouqWaqif,77,77,0
2022-11-27T05:00:00.0,Metro_SportCity,3,3,0
2022-11-27T05:00:00.0,Metro_TheWhitePalace,2,2,0
2022-11-27T05:00:00.0,Metro_UmmGhuwailina,2,2,0
2022-11-27T05:00:00.0,Metro_WestBay,92,92,0
2022-11-27T06:00:00.0,Metro_AlAziziyah,0,0,1
2022-11-27T06:00:00.0,Metro_AlBiddaConcourse,0,0,0
2022-11-27T06:00:00.0,Metro_AlBiddaGreenPlatformNorthBound,0,0,0
2022-11-27T06:00:00.0,Metro_AlBiddaGreenPlatformSouthBound,0,0,0
2022-11-27T06:00:00.0,Metro_AlBiddaRedAndGreenPlatformNorthBound,0,0,0
2022-11-27T06:00:00.0,Metro_AlBiddaRedAndGreenPlatformSouthBound,0,0,0
2022-11-27T06:00:00.0,Metro_AlBiddaRedPlatformNorthBound,0,0,0
2022-11-27T06:00:00.0,Metro_AlBiddaRedPlatformSouthBound,0,0,0
2022-11-27T06:00:00.0,Metro_AlDohaAlJadeda,0,0,0
2022-11-27T06:00:00.0,Metro_AlMansoura,0,0,0
2022-11-27T06:00:00.0,Metro_AlMatarAlQadeem,7,7,0
2022-11-27T06:00:00.0,Metro_AlMessila,0,0,0
2022-11-27T06:00:00.0,Metro_AlQassar,0,0,3
2022-11-27T06:00:00.0,Metro_AlRayyanAlQadeem,0,0,0
2022-11-27T06:00:00.0,Metro_AlRiffa,0,0,1
2022-11-27T06:00:00.0,Metro_AlSadd,0,0,0
2022-11-27T06:00:00.0,Metro_AlShaqab,0,0,0
2022-11-27T06:00:00.0,Metro_AlSudan,0,0,0
2022-11-27T06:00:00.0,Metro_AlWaabQLM,0,0,0
2022-11-27T06:00:00.0,Metro_AlWakra,0,0,1
2022-11-27T06:00:00.0,Metro_BinMahmoud,0,0,0
2022-11-27T06:00:00.0,Metro_Corniche,0,0,0
2022-11-27T06:00:00.0,Metro_DECC,0,0,4
2022-11-27T06:00:00.0,Metro_EducationCity,0,0,1
2022-11-27T06:00:00.0,Metro_FreeZone,0,0,3
2022-11-27T06:00:00.0,Metro_HamadHospital,0,0,1
2022-11-27T06:00:00.0,Metro_HamadIntlAirportT1,2,2,0
2022-11-27T06:00:00.0,Metro_Joaan,0,0,0
2022-11-27T06:00:00.0,Metro_Katara,0,0,2
2022-11-27T06:00:00.0,Metro_Legtaifiya,0,0,0
2022-11-27T06:00:00.0,Metro_Lusail,0,0,0
2022-11-27T06:00:00.0,Metro_MsheirebConcourse,0,0,0
2022-11-27T06:00:00.0,Metro_MsheirebGoldPlatformEastBound,0,0,0
2022-11-27T06:00:00.0,Metro_MsheirebGoldPlatformWestBound,0,0,0
2022-11-27T06:00:00.0,Metro_MsheirebRedAndGreenPlatformNorthBound,0,0,0
2022-11-27T06:00:00.0,Metro_MsheirebRedAndGreenPlatformSouthBound,0,0,0
2022-11-27T06:00:00.0,Metro_NationalMuseum,0,0,0
2022-11-27T06:00:00.0,Metro_OqbaIbnNafie,0,0,3
2022-11-27T06:00:00.0,Metro_QatarNationalLibrary,0,0,0
2022-11-27T06:00:00.0,Metro_QatarUniversity,0,0,0
2022-11-27T06:00:00.0,Metro_RasBuAbboud,0,0,0
2022-11-27T06:00:00.0,Metro_RasBuFontas,0,0,0
2022-11-27T06:00:00.0,Metro_SouqWaqif,1,1,0
2022-11-27T06:00:00.0,Metro_SportCity,0,0,1
2022-11-27T06:00:00.0,Metro_TheWhitePalace,0,0,0
2022-11-27T06:00:00.0,Metro_UmmGhuwailina,0,0,1
2022-11-27T06:00:00.0,Metro_WestBay,0,0,4
2022-11-27T07:00:00.0,Metro_AlAziziyah,4,4,1
2022-11-27T07:00:00.0,Metro_AlBiddaConcourse,1,1,1
2022-11-27T07:00:00.0,Metro_AlBiddaGreenPlatformNorthBound,0,0,0
2022-11-27T07:00:00.0,Metro_AlBiddaGreenPlatformSouthBound,0,0,0
2022-11-27T07:00:00.0,Metro_AlBiddaRedAndGreenPlatformNorthBound,0,0,0
2022-11-27T07:00:00.0,Metro_AlBiddaRedAndGreenPlatformSouthBound,0,0,0
2022-11-27T07:00:00.0,Metro_AlBiddaRedPlatformNorthBound,0,0,0
2022-11-27T07:00:00.0,Metro_AlBiddaRedPlatformSouthBound,0,0,0
2022-11-27T07:00:00.0,Metro_AlDohaAlJadeda,7,7,0
2022-11-27T07:00:00.0,Metro_AlMansoura,6,6,0
2022-11-27T07:00:00.0,Metro_AlMatarAlQadeem,43,43,0
2022-11-27T07:00:00.0,Metro_AlMessila,5,5,0
2022-11-27T07:00:00.0,Metro_AlQassar,4,4,0
2022-11-27T07:00:00.0,Metro_AlRayyanAlQadeem,1,1,0
2022-11-27T07:00:00.0,Metro_AlRiffa,1,1,1
2022-11-27T07:00:00.0,Metro_AlSadd,4,4,0
2022-11-27T07:00:00.0,Metro_AlShaqab,0,0,0
2022-11-27T07:00:00.0,Metro_AlSudan,2,2,0
2022-11-27T07:00:00.0,Metro_AlWaabQLM,0,0,0
2022-11-27T07:00:00.0,Metro_AlWakra,7,7,0
2022-11-27T07:00:00.0,Metro_BinMahmoud,6,6,0
2022-11-27T07:00:00.0,Metro_Corniche,0,0,0
2022-11-27T07:00:00.0,Metro_DECC,5,5,1
2022-11-27T07:00:00.0,Metro_EducationCity,4,4,0
2022-11-27T07:00:00.0,Metro_FreeZone,7,7,0
2022-11-27T07:00:00.0,Metro_HamadHospital,3,3,0
2022-11-27T07:00:00.0,Metro_HamadIntlAirportT1,31,31,0
2022-11-27T07:00:00.0,Metro_Joaan,5,5,0
2022-11-27T07:00:00.0,Metro_Katara,0,0,0
2022-11-27T07:00:00.0,Metro_Legtaifiya,1,1,1
2022-11-27T07:00:00.0,Metro_Lusail,5,5,0
2022-11-27T07:00:00.0,Metro_MsheirebConcourse,6,6,0
2022-11-27T07:00:00.0,Metro_MsheirebGoldPlatformEastBound,0,0,0
2022-11-27T07:00:00.0,Metro_MsheirebGoldPlatformWestBound,0,0,0
2022-11-27T07:00:00.0,Metro_MsheirebRedAndGreenPlatformNorthBound,0,0,0
2022-11-27T07:00:00.0,Metro_MsheirebRedAndGreenPlatformSouthBound,0,0,0
2022-11-27T07:00:00.0,Metro_NationalMuseum,3,3,0
2022-11-27T07:00:00.0,Metro_OqbaIbnNafie,2,2,0
2022-11-27T07:00:00.0,Metro_QatarNationalLibrary,0,0,0
2022-11-27T07:00:00.0,Metro_QatarUniversity,0,0,4
2022-11-27T07:00:00.0,Metro_RasBuAbboud,1,1,0
2022-11-27T07:00:00.0,Metro_RasBuFontas,2,2,0
2022-11-27T07:00:00.0,Metro_SouqWaqif,22,22,0
2022-11-27T07:00:00.0,Metro_SportCity,2,2,0
2022-11-27T07:00:00.0,Metro_TheWhitePalace,1,1,1
2022-11-27T07:00:00.0,Metro_UmmGhuwailina,3,3,1
2022-11-27T07:00:00.0,Metro_WestBay,2,2,0
2022-11-27T08:00:00.0,Metro_AlAziziyah,6,6,0
2022-11-27T08:00:00.0,Metro_AlBiddaConcourse,3,3,0
2022-11-27T08:00:00.0,Metro_AlBiddaGreenPlatformNorthBound,0,0,0
2022-11-27T08:00:00.0,Metro_AlBiddaGreenPlatformSouthBound,0,0,0
2022-11-27T08:00:00.0,Metro_AlBiddaRedAndGreenPlatformNorthBound,0,0,0
2022-11-27T08:00:00.0,Metro_AlBiddaRedAndGreenPlatformSouthBound,0,0,0
2022-11-27T08:00:00.0,Metro_AlBiddaRedPlatformNorthBound,0,0,0
2022-11-27T08:00:00.0,Metro_AlBiddaRedPlatformSouthBound,0,0,0
2022-11-27T08:00:00.0,Metro_AlDohaAlJadeda,13,13,0
2022-11-27T08:00:00.0,Metro_AlMansoura,13,13,0
2022-11-27T08:00:00.0,Metro_AlMatarAlQadeem,43,43,1
2022-11-27T08:00:00.0,Metro_AlMessila,10,10,1
2022-11-27T08:00:00.0,Metro_AlQassar,6,6,0
2022-11-27T08:00:00.0,Metro_AlRayyanAlQadeem,3,3,0
2022-11-27T08:00:00.0,Metro_AlRiffa,3,3,0
2022-11-27T08:00:00.0,Metro_AlSadd,7,7,0
2022-11-27T08:00:00.0,Metro_AlShaqab,0,0,0
2022-11-27T08:00:00.0,Metro_AlSudan,3,3,0
2022-11-27T08:00:00.0,Metro_AlWaabQLM,1,1,1
2022-11-27T08:00:00.0,Metro_AlWakra,17,17,0
2022-11-27T08:00:00.0,Metro_BinMahmoud,11,11,1
2022-11-27T08:00:00.0,Metro_Corniche,0,0,0
2022-11-27T08:00:00.0,Metro_DECC,10,10,0
2022-11-27T08:00:00.0,Metro_EducationCity,14,14,1
2022-11-27T08:00:00.0,Metro_FreeZone,11,11,0
2022-11-27T08:00:00.0,Metro_HamadHospital,5,5,1
2022-11-27T08:00:00.0,Metro_HamadIntlAirportT1,40,40,0
2022-11-27T08:00:00.0,Metro_Joaan,10,10,0
2022-11-27T08:00:00.0,Metro_Katara,2,2,0
2022-11-27T08:00:00.0,Metro_Legtaifiya,2,2,0
2022-11-27T08:00:00.0,Metro_Lusail,12,12,0
2022-11-27T08:00:00.0,Metro_MsheirebConcourse,8,8,0
2022-11-27T08:00:00.0,Metro_MsheirebGoldPlatformEastBound,0,0,0
2022-11-27T08:00:00.0,Metro_MsheirebGoldPlatformWestBound,0,0,0
2022-11-27T08:00:00.0,Metro_MsheirebRedAndGreenPlatformNorthBound,0,0,0
2022-11-27T08:00:00.0,Metro_MsheirebRedAndGreenPlatformSouthBound,0,0,0
2022-11-27T08:00:00.0,Metro_NationalMuseum,6,6,0
2022-11-27T08:00:00.0,Metro_OqbaIbnNafie,5,5,0
2022-11-27T08:00:00.0,Metro_QatarNationalLibrary,1,1,0
2022-11-27T08:00:00.0,Metro_QatarUniversity,0,0,1
2022-11-27T08:00:00.0,Metro_RasBuAbboud,1,1,0
2022-11-27T08:00:00.0,Metro_RasBuFontas,10,10,0
2022-11-27T08:00:00.0,Metro_SouqWaqif,30,30,0
2022-11-27T08:00:00.0,Metro_SportCity,3,3,1
2022-11-27T08:00:00.0,Metro_TheWhitePalace,2,2,0
2022-11-27T08:00:00.0,Metro_UmmGhuwailina,6,6,1
2022-11-27T08:00:00.0,Metro_WestBay,3,3,0
2022-11-27T09:00:00.0,Metro_AlAziziyah,14,14,1
2022-11-27T09:00:00.0,Metro_AlBiddaConcourse,9,9,0
2022-11-27T09:00:00.0,Metro_AlBiddaGreenPlatformNorthBound,0,0,0
2022-11-27T09:00:00.0,Metro_AlBiddaGreenPlatformSouthBound,0,0,0
2022-11-27T09:00:00.0,Metro_AlBiddaRedAndGreenPlatformNorthBound,0,0,0
2022-11-27T09:00:00.0,Metro_AlBiddaRedAndGreenPlatformSouthBound,0,0,0
2022-11-27T09:00:00.0,Metro_AlBiddaRedPlatformNorthBound,0,0,0
2022-11-27T09:00:00.0,Metro_AlBiddaRedPlatformSouthBound,0,0,0
2022-11-27T09:00:00.0,Metro_AlDohaAlJadeda,26,26,0
2022-11-27T09:00:00.0,Metro_AlMansoura,33,33,0
2022-11-27T09:00:00.0,Metro_AlMatarAlQadeem,36,36,0
2022-11-27T09:00:00.0,Metro_AlMessila,20,20,0
2022-11-27T09:00:00.0,Metro_AlQassar,14,14,0
2022-11-27T09:00:00.0,Metro_AlRayyanAlQadeem,6,6,0
2022-11-27T09:00:00.0,Metro_AlRiffa,5,5,0
2022-11-27T09:00:00.0,Metro_AlSadd,15,15,0
2022-11-27T09:00:00.0,Metro_AlShaqab,1,1,0
2022-11-27T09:00:00.0,Metro_AlSudan,6,6,0
2022-11-27T09:00:00.0,Metro_AlWaabQLM,4,4,0
2022-11-27T09:00:00.0,Metro_AlWakra,26,26,0
2022-11-27T09:00:00.0,Metro_BinMahmoud,24,24,1
2022-11-27T09:00:00.0,Metro_Corniche,0,0,0
2022-11-27T09:00:00.0,Metro_DECC,17,17,1
2022-11-27T09:00:00.0,Metro_EducationCity,34,34,0
2022-11-27T09:00:00.0,Metro_FreeZone,13,13,1
2022-11-27T09:00:00.0,Metro_HamadHospital,8,8,0
2022-11-27T09:00:00.0,Metro_HamadIntlAirportT1,43,43,1
2022-11-27T09:00:00.0,Metro_Joaan,17,17,0
2022-11-27T09:00:00.0,Metro_Katara,8,8,0
2022-11-27T09:00:00.0,Metro_Legtaifiya,13,13,0
2022-11-27T09:00:00.0,Metro_Lusail,18,18,1
2022-11-27T09:00:00.0,Metro_MsheirebConcourse,16,16,0
2022-11-27T09:00:00.0,Metro_MsheirebGoldPlatformEastBound,0,0,0
2022-11-27T09:00:00.0,Metro_MsheirebGoldPlatformWestBound,0,0,0
2022-11-27T09:00:00.0,Metro_MsheirebRedAndGreenPlatformNorthBound,0,0,0
2022-11-27T09:00:00.0,Metro_MsheirebRedAndGreenPlatformSouthBound,0,0,0
2022-11-27T09:00:00.0,Metro_NationalMuseum,12,12,0
2022-11-27T09:00:00.0,Metro_OqbaIbnNafie,10,10,0
2022-11-27T09:00:00.0,Metro_QatarNationalLibrary,5,5,0
2022-11-27T09:00:00.0,Metro_QatarUniversity,2,2,0
2022-11-27T09:00:00.0,Metro_RasBuAbboud,2,2,0
2022-11-27T09:00:00.0,Metro_RasBuFontas,16,16,1
2022-11-27T09:00:00.0,Metro_SouqWaqif,41,41,0
2022-11-27T09:00:00.0,Metro_SportCity,6,6,0
2022-11-27T09:00:00.0,Metro_TheWhitePalace,4,4,0
2022-11-27T09:00:00.0,Metro_UmmGhuwailina,11,11,1
2022-11-27T09:00:00.0,Metro_WestBay,8,8,0
2022-11-27T10:00:00.0,Metro_AlAziziyah,36,36,0
2022-11-27T10:00:00.0,Metro_AlBiddaConcourse,18,18,0
2022-11-27T10:00:00.0,Metro_AlBiddaGreenPlatformNorthBound,0,0,0
2022-11-27T10:00:00.0,Metro_AlBiddaGreenPlatformSouthBound,0,0,0
2022-11-27T10:00:00.0,Metro_AlBiddaRedAndGreenPlatformNorthBound,0,0,0
2022-11-27T10:00:00.0,Metro_AlBiddaRedAndGreenPlatformSouthBound,0,0,0
2022-11-27T10:00:00.0,Metro_AlBiddaRedPlatformNorthBound,0,0,0
2022-11-27T10:00:00.0,Metro_AlBiddaRedPlatformSouthBound,0,0,0
2022-11-27T10:00:00.0,Metro_AlDohaAlJadeda,45,45,0
2022-11-27T10:00:00.0,Metro_AlMansoura,54,54,0
2022-11-27T10:00:00.0,Metro_AlMatarAlQadeem,35,35,0
2022-11-27T10:00:00.0,Metro_AlMessila,39,39,0
2022-11-27T10:00:00.0,Metro_AlQassar,26,26,0
2022-11-27T10:00:00.0,Metro_AlRayyanAlQadeem,16,16,0
2022-11-27T10:00:00.0,Metro_AlRiffa,6,6,284
2022-11-27T10:00:00.0,Metro_AlSadd,22,22,0
2022-11-27T10:00:00.0,Metro_AlShaqab,2,2,0
2022-11-27T10:00:00.0,Metro_AlSudan,13,13,0
2022-11-27T10:00:00.0,Metro_AlWaabQLM,5,5,0
2022-11-27T10:00:00.0,Metro_AlWakra,39,39,0
2022-11-27T10:00:00.0,Metro_BinMahmoud,40,40,0
2022-11-27T10:00:00.0,Metro_Corniche,0,0,0
2022-11-27T10:00:00.0,Metro_DECC,25,25,1
2022-11-27T10:00:00.0,Metro_EducationCity,74,74,0
2022-11-27T10:00:00.0,Metro_FreeZone,13,13,0
2022-11-27T10:00:00.0,Metro_HamadHospital,12,12,0
2022-11-27T10:00:00.0,Metro_HamadIntlAirportT1,53,53,0
2022-11-27T10:00:00.0,Metro_Joaan,29,29,0
2022-11-27T10:00:00.0,Metro_Katara,17,17,0
2022-11-27T10:00:00.0,Metro_Legtaifiya,46,46,0
2022-11-27T10:00:00.0,Metro_Lusail,32,32,273
2022-11-27T10:00:00.0,Metro_MsheirebConcourse,32,32,0
2022-11-27T10:00:00.0,Metro_MsheirebGoldPlatformEastBound,0,0,0
2022-11-27T10:00:00.0,Metro_MsheirebGoldPlatformWestBound,0,0,0
2022-11-27T10:00:00.0,Metro_MsheirebRedAndGreenPlatformNorthBound,0,0,0
2022-11-27T10:00:00.0,Metro_MsheirebRedAndGreenPlatformSouthBound,0,0,0
2022-11-27T10:00:00.0,Metro_NationalMuseum,26,26,0
2022-11-27T10:00:00.0,Metro_OqbaIbnNafie,21,21,0
2022-11-27T10:00:00.0,Metro_QatarNationalLibrary,16,16,0
2022-11-27T10:00:00.0,Metro_QatarUniversity,3,3,75
2022-11-27T10:00:00.0,Metro_RasBuAbboud,3,3,0
2022-11-27T10:00:00.0,Metro_RasBuFontas,19,19,0
2022-11-27T10:00:00.0,Metro_SouqWaqif,65,65,0
2022-11-27T10:00:00.0,Metro_SportCity,13,13,1
2022-11-27T10:00:00.0,Metro_TheWhitePalace,11,11,0
2022-11-27T10:00:00.0,Metro_UmmGhuwailina,16,16,0
2022-11-27T10:00:00.0,Metro_WestBay,17,17,0
2022-11-27T11:00:00.0,Metro_AlAziziyah,63,63,365
2022-11-27T11:00:00.0,Metro_AlBiddaConcourse,25,25,192
2022-11-27T11:00:00.0,Metro_AlBiddaGreenPlatformNorthBound,0,0,0
2022-11-27T11:00:00.0,Metro_AlBiddaGreenPlatformSouthBound,0,0,0
2022-11-27T11:00:00.0,Metro_AlBiddaRedAndGreenPlatformNorthBound,0,0,0
2022-11-27T11:00:00.0,Metro_AlBiddaRedAndGreenPlatformSouthBound,0,0,0
2022-11-27T11:00:00.0,Metro_AlBiddaRedPlatformNorthBound,0,0,0
2022-11-27T11:00:00.0,Metro_AlBiddaRedPlatformSouthBound,0,0,0
2022-11-27T11:00:00.0,Metro_AlDohaAlJadeda,60,60,82
2022-11-27T11:00:00.0,Metro_AlMansoura,71,71,327
2022-11-27T11:00:00.0,Metro_AlMatarAlQadeem,28,28,136
2022-11-27T11:00:00.0,Metro_AlMessila,49,49,555
2022-11-27T11:00:00.0,Metro_AlQassar,33,33,234
2022-11-27T11:00:00.0,Metro_AlRayyanAlQadeem,14,14,467
2022-11-27T11:00:00.0,Metro_AlRiffa,7,7,952
2022-11-27T11:00:00.0,Metro_AlSadd,26,26,368
2022-11-27T11:00:00.0,Metro_AlShaqab,0,0,387
2022-11-27T11:00:00.0,Metro_AlSudan,15,15,361
2022-11-27T11:00:00.0,Metro_AlWaabQLM,3,3,284
2022-11-27T11:00:00.0,Metro_AlWakra,53,53,241
2022-11-27T11:00:00.0,Metro_BinMahmoud,41,41,339
2022-11-27T11:00:00.0,Metro_Corniche,0,0,0
2022-11-27T11:00:00.0,Metro_DECC,25,25,150
2022-11-27T11:00:00.0,Metro_EducationCity,107,107,630
2022-11-27T11:00:00.0,Metro_FreeZone,12,12,182
2022-11-27T11:00:00.0,Metro_HamadHospital,8,8,376
2022-11-27T11:00:00.0,Metro_HamadIntlAirportT1,32,32,364
2022-11-27T11:00:00.0,Metro_Joaan,34,34,292
2022-11-27T11:00:00.0,Metro_Katara,23,23,130
2022-11-27T11:00:00.0,Metro_Legtaifiya,89,89,475
2022-11-27T11:00:00.0,Metro_Lusail,35,35,782
2022-11-27T11:00:00.0,Metro_MsheirebConcourse,44,44,140
2022-11-27T11:00:00.0,Metro_MsheirebGoldPlatformEastBound,0,0,0
2022-11-27T11:00:00.0,Metro_MsheirebGoldPlatformWestBound,0,0,0
2022-11-27T11:00:00.0,Metro_MsheirebRedAndGreenPlatformNorthBound,0,0,0
2022-11-27T11:00:00.0,Metro_MsheirebRedAndGreenPlatformSouthBound,0,0,0
2022-11-27T11:00:00.0,Metro_NationalMuseum,43,43,0
2022-11-27T11:00:00.0,Metro_OqbaIbnNafie,28,28,189
2022-11-27T11:00:00.0,Metro_QatarNationalLibrary,25,25,771
2022-11-27T11:00:00.0,Metro_QatarUniversity,1,1,463
2022-11-27T11:00:00.0,Metro_RasBuAbboud,7,7,0
2022-11-27T11:00:00.0,Metro_RasBuFontas,15,15,157
2022-11-27T11:00:00.0,Metro_SouqWaqif,91,91,0
2022-11-27T11:00:00.0,Metro_SportCity,21,21,297
2022-11-27T11:00:00.0,Metro_TheWhitePalace,8,8,433
2022-11-27T11:00:00.0,Metro_UmmGhuwailina,16,16,183
2022-11-27T11:00:00.0,Metro_WestBay,24,24,280
2022-11-27T12:00:00.0,Metro_AlAziziyah,76,76,1405
2022-11-27T12:00:00.0,Metro_AlBiddaConcourse,36,36,731
2022-11-27T12:00:00.0,Metro_AlBiddaGreenPlatformNorthBound,0,0,0
2022-11-27T12:00:00.0,Metro_AlBiddaGreenPlatformSouthBound,0,0,0
2022-11-27T12:00:00.0,Metro_AlBiddaRedAndGreenPlatformNorthBound,0,0,0
2022-11-27T12:00:00.0,Metro_AlBiddaRedAndGreenPlatformSouthBound,0,0,0
2022-11-27T12:00:00.0,Metro_AlBiddaRedPlatformNorthBound,0,0,0
2022-11-27T12:00:00.0,Metro_AlBiddaRedPlatformSouthBound,0,0,0
2022-11-27T12:00:00.0,Metro_AlDohaAlJadeda,60,60,327
2022-11-27T12:00:00.0,Metro_AlMansoura,72,72,1299
2022-11-27T12:00:00.0,Metro_AlMatarAlQadeem,21,21,532
2022-11-27T12:00:00.0,Metro_AlMessila,32,32,1650
2022-11-27T12:00:00.0,Metro_AlQassar,28,28,908
2022-11-27T12:00:00.0,Metro_AlRayyanAlQadeem,10,10,1323
2022-11-27T12:00:00.0,Metro_AlRiffa,6,6,1743
2022-11-27T12:00:00.0,Metro_AlSadd,8,8,1443
2022-11-27T12:00:00.0,Metro_AlShaqab,0,0,740
2022-11-27T12:00:00.0,Metro_AlSudan,14,14,1417
2022-11-27T12:00:00.0,Metro_AlWaabQLM,0,0,887
2022-11-27T12:00:00.0,Metro_AlWakra,66,66,785
2022-11-27T12:00:00.0,Metro_BinMahmoud,15,15,1369
2022-11-27T12:00:00.0,Metro_Corniche,0,0,0
2022-11-27T12:00:00.0,Metro_DECC,23,23,602
2022-11-27T12:00:00.0,Metro_EducationCity,144,144,1241
2022-11-27T12:00:00.0,Metro_FreeZone,12,12,747
2022-11-27T12:00:00.0,Metro_HamadHospital,5,5,897
2022-11-27T12:00:00.0,Metro_HamadIntlAirportT1,22,22,1270
2022-11-27T12:00:00.0,Metro_Joaan,29,29,1158
2022-11-27T12:00:00.0,Metro_Katara,24,24,535
2022-11-27T12:00:00.0,Metro_Legtaifiya,127,127,892
2022-11-27T12:00:00.0,Metro_Lusail,45,45,1811
2022-11-27T12:00:00.0,Metro_MsheirebConcourse,51,51,528
2022-11-27T12:00:00.0,Metro_MsheirebGoldPlatformEastBound,0,0,0
2022-11-27T12:00:00.0,Metro_MsheirebGoldPlatformWestBound,0,0,0
2022-11-27T12:00:00.0,Metro_MsheirebRedAndGreenPlatformNorthBound,0,0,0
2022-11-27T12:00:00.0,Metro_MsheirebRedAndGreenPlatformSouthBound,0,0,0
2022-11-27T12:00:00.0,Metro_NationalMuseum,55,55,0
2022-11-27T12:00:00.0,Metro_OqbaIbnNafie,27,27,763
2022-11-27T12:00:00.0,Metro_QatarNationalLibrary,46,46,1084
2022-11-27T12:00:00.0,Metro_QatarUniversity,7,7,867
2022-11-27T12:00:00.0,Metro_RasBuAbboud,13,13,1
2022-11-27T12:00:00.0,Metro_RasBuFontas,5,5,625
2022-11-27T12:00:00.0,Metro_SouqWaqif,117,117,0
2022-11-27T12:00:00.0,Metro_SportCity,18,18,1274
2022-11-27T12:00:00.0,Metro_TheWhitePalace,4,4,1225
2022-11-27T12:00:00.0,Metro_UmmGhuwailina,14,14,693
2022-11-27T12:00:00.0,Metro_WestBay,33,33,1079
2022-11-27T13:00:00.0,Metro_AlAziziyah,93,93,2931
2022-11-27T13:00:00.0,Metro_AlBiddaConcourse,40,40,1249
2022-11-27T13:00:00.0,Metro_AlBiddaGreenPlatformNorthBound,0,0,0
2022-11-27T13:00:00.0,Metro_AlBiddaGreenPlatformSouthBound,0,0,0
2022-11-27T13:00:00.0,Metro_AlBiddaRedAndGreenPlatformNorthBound,0,0,0
2022-11-27T13:00:00.0,Metro_AlBiddaRedAndGreenPlatformSouthBound,0,0,0
2022-11-27T13:00:00.0,Metro_AlBiddaRedPlatformNorthBound,0,0,0
2022-11-27T13:00:00.0,Metro_AlBiddaRedPlatformSouthBound,0,0,0
2022-11-27T13:00:00.0,Metro_AlDohaAlJadeda,57,57,513
2022-11-27T13:00:00.0,Metro_AlMansoura,63,63,2939
2022-11-27T13:00:00.0,Metro_AlMatarAlQadeem,13,13,1445
2022-11-27T13:00:00.0,Metro_AlMessila,31,31,2826
2022-11-27T13:00:00.0,Metro_AlQassar,38,38,1712
2022-11-27T13:00:00.0,Metro_AlRayyanAlQadeem,2,2,2757
2022-11-27T13:00:00.0,Metro_AlRiffa,6,6,2321
2022-11-27T13:00:00.0,Metro_AlSadd,0,0,2754
2022-11-27T13:00:00.0,Metro_AlShaqab,0,0,1160
2022-11-27T13:00:00.0,Metro_AlSudan,18,18,2749
2022-11-27T13:00:00.0,Metro_AlWaabQLM,0,0,1639
2022-11-27T13:00:00.0,Metro_AlWakra,77,77,1959
2022-11-27T13:00:00.0,Metro_BinMahmoud,11,11,2517
2022-11-27T13:00:00.0,Metro_Corniche,0,0,0
2022-11-27T13:00:00.0,Metro_DECC,26,26,1141
2022-11-27T13:00:00.0,Metro_EducationCity,153,153,1953
2022-11-27T13:00:00.0,Metro_FreeZone,24,24,1222
2022-11-27T13:00:00.0,Metro_HamadHospital,2,2,1524
2022-11-27T13:00:00.0,Metro_HamadIntlAirportT1,6,6,1449
2022-11-27T13:00:00.0,Metro_Joaan,7,7,2564
2022-11-27T13:00:00.0,Metro_Katara,19,19,1377
2022-11-27T13:00:00.0,Metro_Legtaifiya,115,115,1911
2022-11-27T13:00:00.0,Metro_Lusail,69,69,1904
2022-11-27T13:00:00.0,Metro_MsheirebConcourse,46,46,1071
2022-11-27T13:00:00.0,Metro_MsheirebGoldPlatformEastBound,0,0,0
2022-11-27T13:00:00.0,Metro_MsheirebGoldPlatformWestBound,0,0,0
2022-11-27T13:00:00.0,Metro_MsheirebRedAndGreenPlatformNorthBound,0,0,0
2022-11-27T13:00:00.0,Metro_MsheirebRedAndGreenPlatformSouthBound,0,0,0
2022-11-27T13:00:00.0,Metro_NationalMuseum,51,51,0
2022-11-27T13:00:00.0,Metro_OqbaIbnNafie,23,23,1680
2022-11-27T13:00:00.0,Metro_QatarNationalLibrary,49,49,2447
2022-11-27T13:00:00.0,Metro_QatarUniversity,6,6,1407
2022-11-27T13:00:00.0,Metro_RasBuAbboud,16,16,0
2022-11-27T13:00:00.0,Metro_RasBuFontas,4,4,1046
2022-11-27T13:00:00.0,Metro_SouqWaqif,112,112,0
2022-11-27T13:00:00.0,Metro_SportCity,26,26,2836
2022-11-27T13:00:00.0,Metro_TheWhitePalace,0,0,2189
2022-11-27T13:00:00.0,Metro_UmmGhuwailina,12,12,1249
2022-11-27T13:00:00.0,Metro_WestBay,48,48,1873
2022-11-27T14:00:00.0,Metro_AlAziziyah,95,95,4982
2022-11-27T14:00:00.0,Metro_AlBiddaConcourse,54,54,1489
2022-11-27T14:00:00.0,Metro_AlBiddaGreenPlatformNorthBound,0,0,0
2022-11-27T14:00:00.0,Metro_AlBiddaGreenPlatformSouthBound,0,0,0
2022-11-27T14:00:00.0,Metro_AlBiddaRedAndGreenPlatformNorthBound,0,0,0
2022-11-27T14:00:00.0,Metro_AlBiddaRedAndGreenPlatformSouthBound,0,0,0
2022-11-27T14:00:00.0,Metro_AlBiddaRedPlatformNorthBound,0,0,0
2022-11-27T14:00:00.0,Metro_AlBiddaRedPlatformSouthBound,0,0,0
2022-11-27T14:00:00.0,Metro_AlDohaAlJadeda,52,52,720
2022-11-27T14:00:00.0,Metro_AlMansoura,52,52,4760
2022-11-27T14:00:00.0,Metro_AlMatarAlQadeem,11,11,2427
2022-11-27T14:00:00.0,Metro_AlMessila,24,24,4195
2022-11-27T14:00:00.0,Metro_AlQassar,42,42,2243
2022-11-27T14:00:00.0,Metro_AlRayyanAlQadeem,0,0,3962
2022-11-27T14:00:00.0,Metro_AlRiffa,6,6,2971
2022-11-27T14:00:00.0,Metro_AlSadd,0,0,4088
2022-11-27T14:00:00.0,Metro_AlShaqab,0,0,1585
2022-11-27T14:00:00.0,Metro_AlSudan,9,9,4515
2022-11-27T14:00:00.0,Metro_AlWaabQLM,0,0,2339
2022-11-27T14:00:00.0,Metro_AlWakra,91,91,2742
2022-11-27T14:00:00.0,Metro_BinMahmoud,10,10,3884
2022-11-27T14:00:00.0,Metro_Corniche,0,0,0
2022-11-27T14:00:00.0,Metro_DECC,18,18,2149
2022-11-27T14:00:00.0,Metro_EducationCity,123,123,2315
2022-11-27T14:00:00.0,Metro_FreeZone,15,15,2370
2022-11-27T14:00:00.0,Metro_HamadHospital,0,0,2059
2022-11-27T14:00:00.0,Metro_HamadIntlAirportT1,5,5,1490
2022-11-27T14:00:00.0,Metro_Joaan,6,6,4083
2022-11-27T14:00:00.0,Metro_Katara,16,16,2255
2022-11-27T14:00:00.0,Metro_Legtaifiya,94,94,3084
2022-11-27T14:00:00.0,Metro_Lusail,70,70,2230
2022-11-27T14:00:00.0,Metro_MsheirebConcourse,37,37,1526
2022-11-27T14:00:00.0,Metro_MsheirebGoldPlatformEastBound,0,0,0
2022-11-27T14:00:00.0,Metro_MsheirebGoldPlatformWestBound,0,0,0
2022-11-27T14:00:00.0,Metro_MsheirebRedAndGreenPlatformNorthBound,0,0,0
2022-11-27T14:00:00.0,Metro_MsheirebRedAndGreenPlatformSouthBound,0,0,0
2022-11-27T14:00:00.0,Metro_NationalMuseum,41,41,0
2022-11-27T14:00:00.0,Metro_OqbaIbnNafie,23,23,2589
2022-11-27T14:00:00.0,Metro_QatarNationalLibrary,53,53,3690
2022-11-27T14:00:00.0,Metro_QatarUniversity,15,15,1760
2022-11-27T14:00:00.0,Metro_RasBuAbboud,19,19,0
2022-11-27T14:00:00.0,Metro_RasBuFontas,0,0,1949
2022-11-27T14:00:00.0,Metro_SouqWaqif,122,122,0
2022-11-27T14:00:00.0,Metro_SportCity,32,32,4857
2022-11-27T14:00:00.0,Metro_TheWhitePalace,0,0,3108
2022-11-27T14:00:00.0,Metro_UmmGhuwailina,8,8,1844
2022-11-27T14:00:00.0,Metro_WestBay,66,66,2760
2022-11-27T15:00:00.0,Metro_AlAziziyah,89,89,6453
2022-11-27T15:00:00.0,Metro_AlBiddaConcourse,82,82,1819
2022-11-27T15:00:00.0,Metro_AlBiddaGreenPlatformNorthBound,0,0,0
2022-11-27T15:00:00.0,Metro_AlBiddaGreenPlatformSouthBound,0,0,0
2022-11-27T15:00:00.0,Metro_AlBiddaRedAndGreenPlatformNorthBound,0,0,0
2022-11-27T15:00:00.0,Metro_AlBiddaRedAndGreenPlatformSouthBound,0,0,0
2022-11-27T15:00:00.0,Metro_AlBiddaRedPlatformNorthBound,0,0,0
2022-11-27T15:00:00.0,Metro_AlBiddaRedPlatformSouthBound,0,0,0
2022-11-27T15:00:00.0,Metro_AlDohaAlJadeda,39,39,922
2022-11-27T15:00:00.0,Metro_AlMansoura,36,36,6421
2022-11-27T15:00:00.0,Metro_AlMatarAlQadeem,4,4,3349
2022-11-27T15:00:00.0,Metro_AlMessila,23,23,5277
2022-11-27T15:00:00.0,Metro_AlQassar,87,87,2932
2022-11-27T15:00:00.0,Metro_AlRayyanAlQadeem,0,0,5030
2022-11-27T15:00:00.0,Metro_AlRiffa,19,19,3278
2022-11-27T15:00:00.0,Metro_AlSadd,0,0,5339
2022-11-27T15:00:00.0,Metro_AlShaqab,0,0,1989
2022-11-27T15:00:00.0,Metro_AlSudan,10,10,6043
2022-11-27T15:00:00.0,Metro_AlWaabQLM,0,0,2896
2022-11-27T15:00:00.0,Metro_AlWakra,104,104,2708
2022-11-27T15:00:00.0,Metro_BinMahmoud,10,10,4902
2022-11-27T15:00:00.0,Metro_Corniche,0,0,0
2022-11-27T15:00:00.0,Metro_DECC,19,19,2960
2022-11-27T15:00:00.0,Metro_EducationCity,101,101,2734
2022-11-27T15:00:00.0,Metro_FreeZone,16,16,3252
2022-11-27T15:00:00.0,Metro_HamadHospital,0,0,2624
2022-11-27T15:00:00.0,Metro_HamadIntlAirportT1,2,2,1724
2022-11-27T15:00:00.0,Metro_Joaan,15,15,5474
2022-11-27T15:00:00.0,Metro_Katara,14,14,2967
2022-11-27T15:00:00.0,Metro_Legtaifiya,83,83,3634
2022-11-27T15:00:00.0,Metro_Lusail,70,70,2803
2022-11-27T15:00:00.0,Metro_MsheirebConcourse,29,29,1903
2022-11-27T15:00:00.0,Metro_MsheirebGoldPlatformEastBound,0,0,0
2022-11-27T15:00:00.0,Metro_MsheirebGoldPlatformWestBound,0,0,0
2022-11-27T15:00:00.0,Metro_MsheirebRedAndGreenPlatformNorthBound,0,0,0
2022-11-27T15:00:00.0,Metro_MsheirebRedAndGreenPlatformSouthBound,0,0,0
2022-11-27T15:00:00.0,Metro_NationalMuseum,32,32,0
2022-11-27T15:00:00.0,Metro_OqbaIbnNafie,11,11,3427
2022-11-27T15:00:00.0,Metro_QatarNationalLibrary,53,53,4102
2022-11-27T15:00:00.0,Metro_QatarUniversity,23,23,2353
2022-11-27T15:00:00.0,Metro_RasBuAbboud,22,22,0
2022-11-27T15:00:00.0,Metro_RasBuFontas,3,3,2827
2022-11-27T15:00:00.0,Metro_SouqWaqif,116,116,0
2022-11-27T15:00:00.0,Metro_SportCity,20,20,6654
2022-11-27T15:00:00.0,Metro_TheWhitePalace,0,0,4001
2022-11-27T15:00:00.0,Metro_UmmGhuwailina,6,6,2398
2022-11-27T15:00:00.0,Metro_WestBay,96,96,3528
2022-11-27T16:00:00.0,Metro_AlAziziyah,69,69,7037
2022-11-27T16:00:00.0,Metro_AlBiddaConcourse,104,104,3035
2022-11-27T16:00:00.0,Metro_AlBiddaGreenPlatformNorthBound,0,0,0
2022-11-27T16:00:00.0,Metro_AlBiddaGreenPlatformSouthBound,0,0,0
2022-11-27T16:00:00.0,Metro_AlBiddaRedAndGreenPlatformNorthBound,0,0,0
2022-11-27T16:00:00.0,Metro_AlBiddaRedAndGreenPlatformSouthBound,0,0,0
2022-11-27T16:00:00.0,Metro_AlBiddaRedPlatformNorthBound,0,0,0
2022-11-27T16:00:00.0,Metro_AlBiddaRedPlatformSouthBound,0,0,0
2022-11-27T16:00:00.0,Metro_AlDohaAlJadeda,25,25,1290
2022-11-27T16:00:00.0,Metro_AlMansoura,7,7,8250
2022-11-27T16:00:00.0,Metro_AlMatarAlQadeem,0,0,4149
2022-11-27T16:00:00.0,Metro_AlMessila,0,0,7436
2022-11-27T16:00:00.0,Metro_AlQassar,128,128,5226
2022-11-27T16:00:00.0,Metro_AlRayyanAlQadeem,0,0,5351
2022-11-27T16:00:00.0,Metro_AlRiffa,154,154,6209
2022-11-27T16:00:00.0,Metro_AlSadd,0,0,6632
2022-11-27T16:00:00.0,Metro_AlShaqab,0,0,2195
2022-11-27T16:00:00.0,Metro_AlSudan,2,2,7965
2022-11-27T16:00:00.0,Metro_AlWaabQLM,0,0,3178
2022-11-27T16:00:00.0,Metro_AlWakra,61,61,4894
2022-11-27T16:00:00.0,Metro_BinMahmoud,12,12,5850
2022-11-27T16:00:00.0,Metro_Corniche,0,0,0
2022-11-27T16:00:00.0,Metro_DECC,16,16,3580
2022-11-27T16:00:00.0,Metro_EducationCity,24,24,3517
2022-11-27T16:00:00.0,Metro_FreeZone,16,16,3726
2022-11-27T16:00:00.0,Metro_HamadHospital,0,0,3161
2022-11-27T16:00:00.0,Metro_HamadIntlAirportT1,13,13,1316
2022-11-27T16:00:00.0,Metro_Joaan,26,26,6131
2022-11-27T16:00:00.0,Metro_Katara,21,21,3195
2022-11-27T16:00:00.0,Metro_Legtaifiya,82,82,4114
2022-11-27T16:00:00.0,Metro_Lusail,98,98,5971
2022-11-27T16:00:00.0,Metro_MsheirebConcourse,15,15,2804
2022-11-27T16:00:00.0,Metro_MsheirebGoldPlatformEastBound,0,0,0
2022-11-27T16:00:00.0,Metro_MsheirebGoldPlatformWestBound,0,0,0
2022-11-27T16:00:00.0,Metro_MsheirebRedAndGreenPlatformNorthBound,0,0,0
2022-11-27T16:00:00.0,Metro_MsheirebRedAndGreenPlatformSouthBound,0,0,0
2022-11-27T16:00:00.0,Metro_NationalMuseum,0,0,1537
2022-11-27T16:00:00.0,Metro_OqbaIbnNafie,0,0,4248
2022-11-27T16:00:00.0,Metro_QatarNationalLibrary,2,2,4960
2022-11-27T16:00:00.0,Metro_QatarUniversity,24,24,3410
2022-11-27T16:00:00.0,Metro_RasBuAbboud,106,106,2902
2022-11-27T16:00:00.0,Metro_RasBuFontas,0,0,3401
2022-11-27T16:00:00.0,Metro_SouqWaqif,91,91,1
2022-11-27T16:00:00.0,Metro_SportCity,19,19,7050
2022-11-27T16:00:00.0,Metro_TheWhitePalace,0,0,4898
2022-11-27T16:00:00.0,Metro_UmmGhuwailina,0,0,2906
2022-11-27T16:00:00.0,Metro_WestBay,162,162,8647
2022-11-27T17:00:00.0,Metro_AlAziziyah,75,75,5923
2022-11-27T17:00:00.0,Metro_AlBiddaConcourse,45,45,4451
2022-11-27T17:00:00.0,Metro_AlBiddaGreenPlatformNorthBound,0,0,0
2022-11-27T17:00:00.0,Metro_AlBiddaGreenPlatformSouthBound,0,0,0
2022-11-27T17:00:00.0,Metro_AlBiddaRedAndGreenPlatformNorthBound,0,0,0
2022-11-27T17:00:00.0,Metro_AlBiddaRedAndGreenPlatformSouthBound,0,0,0
2022-11-27T17:00:00.0,Metro_AlBiddaRedPlatformNorthBound,0,0,0
2022-11-27T17:00:00.0,Metro_AlBiddaRedPlatformSouthBound,0,0,0
2022-11-27T17:00:00.0,Metro_AlDohaAlJadeda,13,13,1918
2022-11-27T17:00:00.0,Metro_AlMansoura,4,4,9822
2022-11-27T17:00:00.0,Metro_AlMatarAlQadeem,0,0,4726
2022-11-27T17:00:00.0,Metro_AlMessila,5,5,7666
2022-11-27T17:00:00.0,Metro_AlQassar,78,78,4712
2022-11-27T17:00:00.0,Metro_AlRayyanAlQadeem,0,0,5544
2022-11-27T17:00:00.0,Metro_AlRiffa,162,162,8669
2022-11-27T17:00:00.0,Metro_AlSadd,0,0,8124
2022-11-27T17:00:00.0,Metro_AlShaqab,0,0,2253
2022-11-27T17:00:00.0,Metro_AlSudan,16,16,8005
2022-11-27T17:00:00.0,Metro_AlWaabQLM,0,0,3296
2022-11-27T17:00:00.0,Metro_AlWakra,88,88,4816
2022-11-27T17:00:00.0,Metro_BinMahmoud,7,7,7339
2022-11-27T17:00:00.0,Metro_Corniche,0,0,0
2022-11-27T17:00:00.0,Metro_DECC,18,18,4943
2022-11-27T17:00:00.0,Metro_EducationCity,17,17,4304
2022-11-27T17:00:00.0,Metro_FreeZone,11,11,4283
2022-11-27T17:00:00.0,Metro_HamadHospital,0,0,3398
2022-11-27T17:00:00.0,Metro_HamadIntlAirportT1,0,0,1731
2022-11-27T17:00:00.0,Metro_Joaan,28,28,7101
2022-11-27T17:00:00.0,Metro_Katara,0,0,4488
2022-11-27T17:00:00.0,Metro_Legtaifiya,59,59,4531
2022-11-27T17:00:00.0,Metro_Lusail,138,138,2183
2022-11-27T17:00:00.0,Metro_MsheirebConcourse,21,21,3234
2022-11-27T17:00:00.0,Metro_MsheirebGoldPlatformEastBound,0,0,0
2022-11-27T17:00:00.0,Metro_MsheirebGoldPlatformWestBound,0,0,0
2022-11-27T17:00:00.0,Metro_MsheirebRedAndGreenPlatformNorthBound,0,0,0
2022-11-27T17:00:00.0,Metro_MsheirebRedAndGreenPlatformSouthBound,0,0,0
2022-11-27T17:00:00.0,Metro_NationalMuseum,0,0,2780
2022-11-27T17:00:00.0,Metro_OqbaIbnNafie,0,0,4657
2022-11-27T17:00:00.0,Metro_QatarNationalLibrary,7,7,5272
2022-11-27T17:00:00.0,Metro_QatarUniversity,44,44,3756
2022-11-27T17:00:00.0,Metro_RasBuAbboud,48,48,2056
2022-11-27T17:00:00.0,Metro_RasBuFontas,28,28,2350
2022-11-27T17:00:00.0,Metro_SouqWaqif,101,101,3247
2022-11-27T17:00:00.0,Metro_SportCity,18,18,6734
2022-11-27T17:00:00.0,Metro_TheWhitePalace,0,0,5646
2022-11-27T17:00:00.0,Metro_UmmGhuwailina,0,0,3337
2022-11-27T17:00:00.0,Metro_WestBay,162,162,6513
2022-11-27T18:00:00.0,Metro_AlAziziyah,70,70,4200
2022-11-27T18:00:00.0,Metro_AlBiddaConcourse,26,26,8357
2022-11-27T18:00:00.0,Metro_AlBiddaGreenPlatformNorthBound,0,0,0
2022-11-27T18:00:00.0,Metro_AlBiddaGreenPlatformSouthBound,0,0,0
2022-11-27T18:00:00.0,Metro_AlBiddaRedAndGreenPlatformNorthBound,0,0,0
2022-11-27T18:00:00.0,Metro_AlBiddaRedAndGreenPlatformSouthBound,0,0,0
2022-11-27T18:00:00.0,Metro_AlBiddaRedPlatformNorthBound,0,0,0
2022-11-27T18:00:00.0,Metro_AlBiddaRedPlatformSouthBound,0,0,0
2022-11-27T18:00:00.0,Metro_AlDohaAlJadeda,2,2,3034
2022-11-27T18:00:00.0,Metro_AlMansoura,6,6,11051
2022-11-27T18:00:00.0,Metro_AlMatarAlQadeem,2,2,5288
2022-11-27T18:00:00.0,Metro_AlMessila,5,5,7788
2022-11-27T18:00:00.0,Metro_AlQassar,89,89,5886
2022-11-27T18:00:00.0,Metro_AlRayyanAlQadeem,0,0,5746
2022-11-27T18:00:00.0,Metro_AlRiffa,159,159,5915
2022-11-27T18:00:00.0,Metro_AlSadd,14,14,9131
2022-11-27T18:00:00.0,Metro_AlShaqab,0,0,2487
2022-11-27T18:00:00.0,Metro_AlSudan,21,21,7318
2022-11-27T18:00:00.0,Metro_AlWaabQLM,0,0,3359
2022-11-27T18:00:00.0,Metro_AlWakra,78,78,5313
2022-11-27T18:00:00.0,Metro_BinMahmoud,0,0,9408
2022-11-27T18:00:00.0,Metro_Corniche,0,0,0
2022-11-27T18:00:00.0,Metro_DECC,31,31,5073
2022-11-27T18:00:00.0,Metro_EducationCity,26,26,7965
2022-11-27T18:00:00.0,Metro_FreeZone,3,3,5103
2022-11-27T18:00:00.0,Metro_HamadHospital,0,0,3526
2022-11-27T18:00:00.0,Metro_HamadIntlAirportT1,0,0,2302
2022-11-27T18:00:00.0,Metro_Joaan,27,27,8303
2022-11-27T18:00:00.0,Metro_Katara,17,17,4655
2022-11-27T18:00:00.0,Metro_Legtaifiya,67,67,4410
2022-11-27T18:00:00.0,Metro_Lusail,39,39,5325
2022-11-27T18:00:00.0,Metro_MsheirebConcourse,0,0,4719
2022-11-27T18:00:00.0,Metro_MsheirebGoldPlatformEastBound,0,0,0
2022-11-27T18:00:00.0,Metro_MsheirebGoldPlatformWestBound,0,0,0
2022-11-27T18:00:00.0,Metro_MsheirebRedAndGreenPlatformNorthBound,0,0,0
2022-11-27T18:00:00.0,Metro_MsheirebRedAndGreenPlatformSouthBound,0,0,0
2022-11-27T18:00:00.0,Metro_NationalMuseum,17,17,2936
2022-11-27T18:00:00.0,Metro_OqbaIbnNafie,22,22,3848
2022-11-27T18:00:00.0,Metro_QatarNationalLibrary,2,2,7234
2022-11-27T18:00:00.0,Metro_QatarUniversity,41,41,4350
2022-11-27T18:00:00.0,Metro_RasBuAbboud,0,0,4029
2022-11-27T18:00:00.0,Metro_RasBuFontas,26,26,1784
2022-11-27T18:00:00.0,Metro_SouqWaqif,73,73,8002
2022-11-27T18:00:00.0,Metro_SportCity,26,26,5727
2022-11-27T18:00:00.0,Metro_TheWhitePalace,0,0,5760
2022-11-27T18:00:00.0,Metro_UmmGhuwailina,0,0,3736
2022-11-27T18:00:00.0,Metro_WestBay,125,125,6218
2022-11-27T19:00:00.0,Metro_AlAziziyah,69,69,2750
2022-11-27T19:00:00.0,Metro_AlBiddaConcourse,23,23,14921
2022-11-27T19:00:00.0,Metro_AlBiddaGreenPlatformNorthBound,0,0,0
2022-11-27T19:00:00.0,Metro_AlBiddaGreenPlatformSouthBound,0,0,0
2022-11-27T19:00:00.0,Metro_AlBiddaRedAndGreenPlatformNorthBound,0,0,0
2022-11-27T19:00:00.0,Metro_AlBiddaRedAndGreenPlatformSouthBound,0,0,0
2022-11-27T19:00:00.0,Metro_AlBiddaRedPlatformNorthBound,0,0,0
2022-11-27T19:00:00.0,Metro_AlBiddaRedPlatformSouthBound,0,0,0
2022-11-27T19:00:00.0,Metro_AlDohaAlJadeda,2,2,4122
2022-11-27T19:00:00.0,Metro_AlMansoura,11,11,12410
2022-11-27T19:00:00.0,Metro_AlMatarAlQadeem,0,0,6597
2022-11-27T19:00:00.0,Metro_AlMessila,4,4,8216
2022-11-27T19:00:00.0,Metro_AlQassar,96,96,8914
2022-11-27T19:00:00.0,Metro_AlRayyanAlQadeem,0,0,6270
2022-11-27T19:00:00.0,Metro_AlRiffa,60,60,3194
2022-11-27T19:00:00.0,Metro_AlSadd,28,28,9786
2022-11-27T19:00:00.0,Metro_AlShaqab,0,0,2912
2022-11-27T19:00:00.0,Metro_AlSudan,11,11,7347
2022-11-27T19:00:00.0,Metro_AlWaabQLM,0,0,3476
2022-11-27T19:00:00.0,Metro_AlWakra,24,24,8927
2022-11-27T19:00:00.0,Metro_BinMahmoud,23,23,10185
2022-11-27T19:00:00.0,Metro_Corniche,0,0,0
2022-11-27T19:00:00.0,Metro_DECC,0,0,6535
2022-11-27T19:00:00.0,Metro_EducationCity,29,29,12010
2022-11-27T19:00:00.0,Metro_FreeZone,0,0,6990
2022-11-27T19:00:00.0,Metro_HamadHospital,0,0,3739
2022-11-27T19:00:00.0,Metro_HamadIntlAirportT1,0,0,3536
2022-11-27T19:00:00.0,Metro_Joaan,26,26,8092
2022-11-27T19:00:00.0,Metro_Katara,2,2,5777
2022-11-27T19:00:00.0,Metro_Legtaifiya,42,42,6831
2022-11-27T19:00:00.0,Metro_Lusail,124,124,10729
2022-11-27T19:00:00.0,Metro_MsheirebConcourse,10,10,5663
2022-11-27T19:00:00.0,Metro_MsheirebGoldPlatformEastBound,0,0,0
2022-11-27T19:00:00.0,Metro_MsheirebGoldPlatformWestBound,0,0,0
2022-11-27T19:00:00.0,Metro_MsheirebRedAndGreenPlatformNorthBound,0,0,0
2022-11-27T19:00:00.0,Metro_MsheirebRedAndGreenPlatformSouthBound,0,0,0
2022-11-27T19:00:00.0,Metro_NationalMuseum,7,7,3747
2022-11-27T19:00:00.0,Metro_OqbaIbnNafie,61,61,5118
2022-11-27T19:00:00.0,Metro_QatarNationalLibrary,3,3,10058
2022-11-27T19:00:00.0,Metro_QatarUniversity,7,7,7112
2022-11-27T19:00:00.0,Metro_RasBuAbboud,47,47,10271
2022-11-27T19:00:00.0,Metro_RasBuFontas,17,17,1577
2022-11-27T19:00:00.0,Metro_SouqWaqif,66,66,10130
2022-11-27T19:00:00.0,Metro_SportCity,19,19,5144
2022-11-27T19:00:00.0,Metro_TheWhitePalace,0,0,5928
2022-11-27T19:00:00.0,Metro_UmmGhuwailina,0,0,4126
2022-11-27T19:00:00.0,Metro_WestBay,162,162,12015
2022-11-27T20:00:00.0,Metro_AlAziziyah,21,21,4156
2022-11-27T20:00:00.0,Metro_AlBiddaConcourse,35,35,15880
2022-11-27T20:00:00.0,Metro_AlBiddaGreenPlatformNorthBound,0,0,0
2022-11-27T20:00:00.0,Metro_AlBiddaGreenPlatformSouthBound,0,0,0
2022-11-27T20:00:00.0,Metro_AlBiddaRedAndGreenPlatformNorthBound,0,0,0
2022-11-27T20:00:00.0,Metro_AlBiddaRedAndGreenPlatformSouthBound,0,0,0
2022-11-27T20:00:00.0,Metro_AlBiddaRedPlatformNorthBound,0,0,0
2022-11-27T20:00:00.0,Metro_AlBiddaRedPlatformSouthBound,0,0,0
2022-11-27T20:00:00.0,Metro_AlDohaAlJadeda,0,0,5541
2022-11-27T20:00:00.0,Metro_AlMansoura,35,35,13583
2022-11-27T20:00:00.0,Metro_AlMatarAlQadeem,29,29,6375
2022-11-27T20:00:00.0,Metro_AlMessila,4,4,9221
2022-11-27T20:00:00.0,Metro_AlQassar,97,97,9462
2022-11-27T20:00:00.0,Metro_AlRayyanAlQadeem,0,0,6865
2022-11-27T20:00:00.0,Metro_AlRiffa,23,23,2551
2022-11-27T20:00:00.0,Metro_AlSadd,29,29,9002
2022-11-27T20:00:00.0,Metro_AlShaqab,0,0,3294
2022-11-27T20:00:00.0,Metro_AlSudan,12,12,7359
2022-11-27T20:00:00.0,Metro_AlWaabQLM,0,0,3657
2022-11-27T20:00:00.0,Metro_AlWakra,39,39,11267
2022-11-27T20:00:00.0,Metro_BinMahmoud,41,41,10232
2022-11-27T20:00:00.0,Metro_Corniche,0,0,0
2022-11-27T20:00:00.0,Metro_DECC,2,2,8867
2022-11-27T20:00:00.0,Metro_EducationCity,129,129,7373
2022-11-27T20:00:00.0,Metro_FreeZone,11,11,7669
2022-11-27T20:00:00.0,Metro_HamadHospital,7,7,3736
2022-11-27T20:00:00.0,Metro_HamadIntlAirportT1,0,0,5378
2022-11-27T20:00:00.0,Metro_Joaan,23,23,7898
2022-11-27T20:00:00.0,Metro_Katara,0,0,6826
2022-11-27T20:00:00.0,Metro_Legtaifiya,26,26,9125
2022-11-27T20:00:00.0,Metro_Lusail,74,74,10471
2022-11-27T20:00:00.0,Metro_MsheirebConcourse,20,20,5966
2022-11-27T20:00:00.0,Metro_MsheirebGoldPlatformEastBound,0,0,0
2022-11-27T20:00:00.0,Metro_MsheirebGoldPlatformWestBound,0,0,0
2022-11-27T20:00:00.0,Metro_MsheirebRedAndGreenPlatformNorthBound,0,0,0
2022-11-27T20:00:00.0,Metro_MsheirebRedAndGreenPlatformSouthBound,0,0,0
2022-11-27T20:00:00.0,Metro_NationalMuseum,0,0,4822
2022-11-27T20:00:00.0,Metro_OqbaIbnNafie,111,111,6513
2022-11-27T20:00:00.0,Metro_QatarNationalLibrary,10,10,11914
2022-11-27T20:00:00.0,Metro_QatarUniversity,18,18,9171
2022-11-27T20:00:00.0,Metro_RasBuAbboud,38,38,10755
2022-11-27T20:00:00.0,Metro_RasBuFontas,12,12,1494
2022-11-27T20:00:00.0,Metro_SouqWaqif,52,52,15571
2022-11-27T20:00:00.0,Metro_SportCity,12,12,5004
2022-11-27T20:00:00.0,Metro_TheWhitePalace,0,0,6297
2022-11-27T20:00:00.0,Metro_UmmGhuwailina,0,0,4546
2022-11-27T20:00:00.0,Metro_WestBay,162,162,13071
2022-11-27T21:00:00.0,Metro_AlAziziyah,12,12,7123
2022-11-27T21:00:00.0,Metro_AlBiddaConcourse,30,30,16964
2022-11-27T21:00:00.0,Metro_AlBiddaGreenPlatformNorthBound,0,0,0
2022-11-27T21:00:00.0,Metro_AlBiddaGreenPlatformSouthBound,0,0,0
2022-11-27T21:00:00.0,Metro_AlBiddaRedAndGreenPlatformNorthBound,0,0,0
2022-11-27T21:00:00.0,Metro_AlBiddaRedAndGreenPlatformSouthBound,0,0,0
2022-11-27T21:00:00.0,Metro_AlBiddaRedPlatformNorthBound,0,0,0
2022-11-27T21:00:00.0,Metro_AlBiddaRedPlatformSouthBound,0,0,0
2022-11-27T21:00:00.0,Metro_AlDohaAlJadeda,13,13,6008
2022-11-27T21:00:00.0,Metro_AlMansoura,28,28,13902
2022-11-27T21:00:00.0,Metro_AlMatarAlQadeem,52,52,5278
2022-11-27T21:00:00.0,Metro_AlMessila,39,39,8132
2022-11-27T21:00:00.0,Metro_AlQassar,134,134,8814
2022-11-27T21:00:00.0,Metro_AlRayyanAlQadeem,3,3,6926
2022-11-27T21:00:00.0,Metro_AlRiffa,8,8,2859
2022-11-27T21:00:00.0,Metro_AlSadd,29,29,8250
2022-11-27T21:00:00.0,Metro_AlShaqab,0,0,3500
2022-11-27T21:00:00.0,Metro_AlSudan,13,13,7086
2022-11-27T21:00:00.0,Metro_AlWaabQLM,0,0,3740
2022-11-27T21:00:00.0,Metro_AlWakra,30,30,14706
2022-11-27T21:00:00.0,Metro_BinMahmoud,55,55,9297
2022-11-27T21:00:00.0,Metro_Corniche,0,0,0
2022-11-27T21:00:00.0,Metro_DECC,31,31,8684
2022-11-27T21:00:00.0,Metro_EducationCity,94,94,4401
2022-11-27T21:00:00.0,Metro_FreeZone,17,17,7846
2022-11-27T21:00:00.0,Metro_HamadHospital,3,3,4075
2022-11-27T21:00:00.0,Metro_HamadIntlAirportT1,3,3,7501
2022-11-27T21:00:00.0,Metro_Joaan,26,26,7537
2022-11-27T21:00:00.0,Metro_Katara,1,1,7986
2022-11-27T21:00:00.0,Metro_Legtaifiya,53,53,9586
2022-11-27T21:00:00.0,Metro_Lusail,52,52,11856
2022-11-27T21:00:00.0,Metro_MsheirebConcourse,11,11,6765
2022-11-27T21:00:00.0,Metro_MsheirebGoldPlatformEastBound,0,0,0
2022-11-27T21:00:00.0,Metro_MsheirebGoldPlatformWestBound,0,0,0
2022-11-27T21:00:00.0,Metro_MsheirebRedAndGreenPlatformNorthBound,0,0,0
2022-11-27T21:00:00.0,Metro_MsheirebRedAndGreenPlatformSouthBound,0,0,0
2022-11-27T21:00:00.0,Metro_NationalMuseum,0,0,5897
2022-11-27T21:00:00.0,Metro_OqbaIbnNafie,73,73,5727
2022-11-27T21:00:00.0,Metro_QatarNationalLibrary,10,10,12625
2022-11-27T21:00:00.0,Metro_QatarUniversity,66,66,8520
2022-11-27T21:00:00.0,Metro_RasBuAbboud,15,15,11782
2022-11-27T21:00:00.0,Metro_RasBuFontas,1,1,2407
2022-11-27T21:00:00.0,Metro_SouqWaqif,45,45,18152
2022-11-27T21:00:00.0,Metro_SportCity,8,8,4871
2022-11-27T21:00:00.0,Metro_TheWhitePalace,0,0,6610
2022-11-27T21:00:00.0,Metro_UmmGhuwailina,0,0,4953
2022-11-27T21:00:00.0,Metro_WestBay,142,142,10489
2022-11-27T22:00:00.0,Metro_AlAziziyah,150,150,10328
2022-11-27T22:00:00.0,Metro_AlBiddaConcourse,27,27,22798
2022-11-27T22:00:00.0,Metro_AlBiddaGreenPlatformNorthBound,0,0,0
2022-11-27T22:00:00.0,Metro_AlBiddaGreenPlatformSouthBound,0,0,0
2022-11-27T22:00:00.0,Metro_AlBiddaRedAndGreenPlatformNorthBound,0,0,0
2022-11-27T22:00:00.0,Metro_AlBiddaRedAndGreenPlatformSouthBound,0,0,0
2022-11-27T22:00:00.0,Metro_AlBiddaRedPlatformNorthBound,0,0,0
2022-11-27T22:00:00.0,Metro_AlBiddaRedPlatformSouthBound,0,0,0
2022-11-27T22:00:00.0,Metro_AlDohaAlJadeda,10,10,6548
2022-11-27T22:00:00.0,Metro_AlMansoura,12,12,14939
2022-11-27T22:00:00.0,Metro_AlMatarAlQadeem,18,18,6583
2022-11-27T22:00:00.0,Metro_AlMessila,28,28,7870
2022-11-27T22:00:00.0,Metro_AlQassar,105,105,12039
2022-11-27T22:00:00.0,Metro_AlRayyanAlQadeem,0,0,7169
2022-11-27T22:00:00.0,Metro_AlRiffa,3,3,3522
2022-11-27T22:00:00.0,Metro_AlSadd,6,6,8035
2022-11-27T22:00:00.0,Metro_AlShaqab,0,0,3622
2022-11-27T22:00:00.0,Metro_AlSudan,4,4,7206
2022-11-27T22:00:00.0,Metro_AlWaabQLM,0,0,3781
2022-11-27T22:00:00.0,Metro_AlWakra,29,29,18158
2022-11-27T22:00:00.0,Metro_BinMahmoud,25,25,9016
2022-11-27T22:00:00.0,Metro_Corniche,0,0,0
2022-11-27T22:00:00.0,Metro_DECC,0,0,10339
2022-11-27T22:00:00.0,Metro_EducationCity,33,33,4973
2022-11-27T22:00:00.0,Metro_FreeZone,0,0,8896
2022-11-27T22:00:00.0,Metro_HamadHospital,15,15,3889
2022-11-27T22:00:00.0,Metro_HamadIntlAirportT1,4,4,10293
2022-11-27T22:00:00.0,Metro_Joaan,0,0,7694
2022-11-27T22:00:00.0,Metro_Katara,0,0,8951
2022-11-27T22:00:00.0,Metro_Legtaifiya,37,37,12182
2022-11-27T22:00:00.0,Metro_Lusail,141,141,15872
2022-11-27T22:00:00.0,Metro_MsheirebConcourse,17,17,7158
2022-11-27T22:00:00.0,Metro_MsheirebGoldPlatformEastBound,0,0,0
2022-11-27T22:00:00.0,Metro_MsheirebGoldPlatformWestBound,0,0,0
2022-11-27T22:00:00.0,Metro_MsheirebRedAndGreenPlatformNorthBound,0,0,0
2022-11-27T22:00:00.0,Metro_MsheirebRedAndGreenPlatformSouthBound,0,0,0
2022-11-27T22:00:00.0,Metro_NationalMuseum,0,0,7033
2022-11-27T22:00:00.0,Metro_OqbaIbnNafie,30,30,4686
2022-11-27T22:00:00.0,Metro_QatarNationalLibrary,0,0,13780
2022-11-27T22:00:00.0,Metro_QatarUniversity,10,10,11353
2022-11-27T22:00:00.0,Metro_RasBuAbboud,60,60,16368
2022-11-27T22:00:00.0,Metro_RasBuFontas,31,31,1614
2022-11-27T22:00:00.0,Metro_SouqWaqif,50,50,20978
2022-11-27T22:00:00.0,Metro_SportCity,0,0,5053
2022-11-27T22:00:00.0,Metro_TheWhitePalace,0,0,7054
2022-11-27T22:00:00.0,Metro_UmmGhuwailina,0,0,5292
2022-11-27T22:00:00.0,Metro_WestBay,162,162,18035
2022-11-27T23:00:00.0,Metro_AlAziziyah,123,123,15102
2022-11-27T23:00:00.0,Metro_AlBiddaConcourse,104,104,20271
2022-11-27T23:00:00.0,Metro_AlBiddaGreenPlatformNorthBound,0,0,0
2022-11-27T23:00:00.0,Metro_AlBiddaGreenPlatformSouthBound,0,0,0
2022-11-27T23:00:00.0,Metro_AlBiddaRedAndGreenPlatformNorthBound,0,0,0
2022-11-27T23:00:00.0,Metro_AlBiddaRedAndGreenPlatformSouthBound,0,0,0
2022-11-27T23:00:00.0,Metro_AlBiddaRedPlatformNorthBound,0,0,0
2022-11-27T23:00:00.0,Metro_AlBiddaRedPlatformSouthBound,0,0,0
2022-11-27T23:00:00.0,Metro_AlDohaAlJadeda,14,14,6822
2022-11-27T23:00:00.0,Metro_AlMansoura,0,0,16158
2022-11-27T23:00:00.0,Metro_AlMatarAlQadeem,14,14,8016
2022-11-27T23:00:00.0,Metro_AlMessila,0,0,8256
2022-11-27T23:00:00.0,Metro_AlQassar,74,74,12255
2022-11-27T23:00:00.0,Metro_AlRayyanAlQadeem,0,0,7338
2022-11-27T23:00:00.0,Metro_AlRiffa,10,10,4115
2022-11-27T23:00:00.0,Metro_AlSadd,0,0,8382
2022-11-27T23:00:00.0,Metro_AlShaqab,0,0,3664
2022-11-27T23:00:00.0,Metro_AlSudan,1,1,7576
2022-11-27T23:00:00.0,Metro_AlWaabQLM,0,0,3846
2022-11-27T23:00:00.0,Metro_AlWakra,90,90,17154
2022-11-27T23:00:00.0,Metro_BinMahmoud,4,4,9308
2022-11-27T23:00:00.0,Metro_Corniche,0,0,0
2022-11-27T23:00:00.0,Metro_DECC,34,34,11136
2022-11-27T23:00:00.0,Metro_EducationCity,9,9,6459
2022-11-27T23:00:00.0,Metro_FreeZone,34,34,7771
2022-11-27T23:00:00.0,Metro_HamadHospital,2,2,4079
2022-11-27T23:00:00.0,Metro_HamadIntlAirportT1,65,65,8920
2022-11-27T23:00:00.0,Metro_Joaan,0,0,8192
2022-11-27T23:00:00.0,Metro_Katara,4,4,9375
2022-11-27T23:00:00.0,Metro_Legtaifiya,66,66,11285
2022-11-27T23:00:00.0,Metro_Lusail,162,162,10535
2022-11-27T23:00:00.0,Metro_MsheirebConcourse,32,32,6698
2022-11-27T23:00:00.0,Metro_MsheirebGoldPlatformEastBound,0,0,0
2022-11-27T23:00:00.0,Metro_MsheirebGoldPlatformWestBound,0,0,0
2022-11-27T23:00:00.0,Metro_MsheirebRedAndGreenPlatformNorthBound,0,0,0
2022-11-27T23:00:00.0,Metro_MsheirebRedAndGreenPlatformSouthBound,0,0,0
2022-11-27T23:00:00.0,Metro_NationalMuseum,24,24,6479
2022-11-27T23:00:00.0,Metro_OqbaIbnNafie,45,45,2269
2022-11-27T23:00:00.0,Metro_QatarNationalLibrary,29,29,13079
2022-11-27T23:00:00.0,Metro_QatarUniversity,55,55,10784
2022-11-27T23:00:00.0,Metro_RasBuAbboud,88,88,13541
2022-11-27T23:00:00.0,Metro_RasBuFontas,7,7,1713
2022-11-27T23:00:00.0,Metro_SouqWaqif,42,42,24717
2022-11-27T23:00:00.0,Metro_SportCity,0,0,5310
2022-11-27T23:00:00.0,Metro_TheWhitePalace,0,0,7463
2022-11-27T23:00:00.0,Metro_UmmGhuwailina,0,0,5530
2022-11-27T23:00:00.0,Metro_WestBay,162,162,16743
2022-11-28T00:00:00.0,Metro_AlAziziyah,134,134,18563
2022-11-28T00:00:00.0,Metro_AlBiddaConcourse,162,162,18146
2022-11-28T00:00:00.0,Metro_AlBiddaGreenPlatformNorthBound,0,0,0
2022-11-28T00:00:00.0,Metro_AlBiddaGreenPlatformSouthBound,0,0,0
2022-11-28T00:00:00.0,Metro_AlBiddaRedAndGreenPlatformNorthBound,0,0,0
2022-11-28T00:00:00.0,Metro_AlBiddaRedAndGreenPlatformSouthBound,0,0,0
2022-11-28T00:00:00.0,Metro_AlBiddaRedPlatformNorthBound,0,0,0
2022-11-28T00:00:00.0,Metro_AlBiddaRedPlatformSouthBound,0,0,0
2022-11-28T00:00:00.0,Metro_AlDohaAlJadeda,6,6,8420
2022-11-28T00:00:00.0,Metro_AlMansoura,0,0,17203
2022-11-28T00:00:00.0,Metro_AlMatarAlQadeem,18,18,9881
2022-11-28T00:00:00.0,Metro_AlMessila,0,0,8857
2022-11-28T00:00:00.0,Metro_AlQassar,90,90,13512
2022-11-28T00:00:00.0,Metro_AlRayyanAlQadeem,0,0,7673
2022-11-28T00:00:00.0,Metro_AlRiffa,15,15,3849
2022-11-28T00:00:00.0,Metro_AlSadd,0,0,10569
2022-11-28T00:00:00.0,Metro_AlShaqab,0,0,3915
2022-11-28T00:00:00.0,Metro_AlSudan,0,0,10631
2022-11-28T00:00:00.0,Metro_AlWaabQLM,0,0,4623
2022-11-28T00:00:00.0,Metro_AlWakra,66,66,17404
2022-11-28T00:00:00.0,Metro_BinMahmoud,0,0,11569
2022-11-28T00:00:00.0,Metro_Corniche,0,0,995
2022-11-28T00:00:00.0,Metro_DECC,21,21,13388
2022-11-28T00:00:00.0,Metro_EducationCity,10,10,7946
2022-11-28T00:00:00.0,Metro_FreeZone,40,40,6417
2022-11-28T00:00:00.0,Metro_HamadHospital,0,0,4622
2022-11-28T00:00:00.0,Metro_HamadIntlAirportT1,74,74,7094
2022-11-28T00:00:00.0,Metro_Joaan,1,1,11322
2022-11-28T00:00:00.0,Metro_Katara,0,0,10578
2022-11-28T00:00:00.0,Metro_Legtaifiya,54,54,11321
2022-11-28T00:00:00.0,Metro_Lusail,146,146,10445
2022-11-28T00:00:00.0,Metro_MsheirebConcourse,0,0,13598
2022-11-28T00:00:00.0,Metro_MsheirebGoldPlatformEastBound,0,0,0
2022-11-28T00:00:00.0,Metro_MsheirebGoldPlatformWestBound,0,0,0
2022-11-28T00:00:00.0,Metro_MsheirebRedAndGreenPlatformNorthBound,0,0,0
2022-11-28T00:00:00.0,Metro_MsheirebRedAndGreenPlatformSouthBound,0,0,0
2022-11-28T00:00:00.0,Metro_NationalMuseum,23,23,6345
2022-11-28T00:00:00.0,Metro_OqbaIbnNafie,33,33,1764
2022-11-28T00:00:00.0,Metro_QatarNationalLibrary,49,49,11233
2022-11-28T00:00:00.0,Metro_QatarUniversity,63,63,10481
2022-11-28T00:00:00.0,Metro_RasBuAbboud,78,78,10978
2022-11-28T00:00:00.0,Metro_RasBuFontas,21,21,1186
2022-11-28T00:00:00.0,Metro_SouqWaqif,43,43,26943
2022-11-28T00:00:00.0,Metro_SportCity,0,0,7722
2022-11-28T00:00:00.0,Metro_TheWhitePalace,0,0,7914
2022-11-28T00:00:00.0,Metro_UmmGhuwailina,0,0,6244
2022-11-28T00:00:00.0,Metro_WestBay,134,134,17162
2022-11-28T01:00:00.0,Metro_AlAziziyah,145,145,12540
2022-11-28T01:00:00.0,Metro_AlBiddaConcourse,162,162,19974
2022-11-28T01:00:00.0,Metro_AlBiddaGreenPlatformNorthBound,0,0,0
2022-11-28T01:00:00.0,Metro_AlBiddaGreenPlatformSouthBound,0,0,0
2022-11-28T01:00:00.0,Metro_AlBiddaRedAndGreenPlatformNorthBound,0,0,0
2022-11-28T01:00:00.0,Metro_AlBiddaRedAndGreenPlatformSouthBound,0,0,0
2022-11-28T01:00:00.0,Metro_AlBiddaRedPlatformNorthBound,0,0,0
2022-11-28T01:00:00.0,Metro_AlBiddaRedPlatformSouthBound,0,0,0
2022-11-28T01:00:00.0,Metro_AlDohaAlJadeda,0,0,10346
2022-11-28T01:00:00.0,Metro_AlMansoura,0,0,18533
2022-11-28T01:00:00.0,Metro_AlMatarAlQadeem,0,0,12232
2022-11-28T01:00:00.0,Metro_AlMessila,3,3,9259
2022-11-28T01:00:00.0,Metro_AlQassar,107,107,15874
2022-11-28T01:00:00.0,Metro_AlRayyanAlQadeem,0,0,7937
2022-11-28T01:00:00.0,Metro_AlRiffa,8,8,4234
2022-11-28T01:00:00.0,Metro_AlSadd,0,0,12569
2022-11-28T01:00:00.0,Metro_AlShaqab,0,0,4010
2022-11-28T01:00:00.0,Metro_AlSudan,11,11,11266
2022-11-28T01:00:00.0,Metro_AlWaabQLM,0,0,4706
2022-11-28T01:00:00.0,Metro_AlWakra,83,83,17481
2022-11-28T01:00:00.0,Metro_BinMahmoud,0,0,13727
2022-11-28T01:00:00.0,Metro_Corniche,0,0,995
2022-11-28T01:00:00.0,Metro_DECC,19,19,13915
2022-11-28T01:00:00.0,Metro_EducationCity,21,21,9326
2022-11-28T01:00:00.0,Metro_FreeZone,0,0,7209
2022-11-28T01:00:00.0,Metro_HamadHospital,0,0,4925
2022-11-28T01:00:00.0,Metro_HamadIntlAirportT1,0,0,10052
2022-11-28T01:00:00.0,Metro_Joaan,7,7,14013
2022-11-28T01:00:00.0,Metro_Katara,0,0,10907
2022-11-28T01:00:00.0,Metro_Legtaifiya,41,41,12966
2022-11-28T01:00:00.0,Metro_Lusail,160,160,10799
2022-11-28T01:00:00.0,Metro_MsheirebConcourse,0,0,17629
2022-11-28T01:00:00.0,Metro_MsheirebGoldPlatformEastBound,0,0,0
2022-11-28T01:00:00.0,Metro_MsheirebGoldPlatformWestBound,0,0,0
2022-11-28T01:00:00.0,Metro_MsheirebRedAndGreenPlatformNorthBound,0,0,0
2022-11-28T01:00:00.0,Metro_MsheirebRedAndGreenPlatformSouthBound,0,0,0
2022-11-28T01:00:00.0,Metro_NationalMuseum,0,0,7741
2022-11-28T01:00:00.0,Metro_OqbaIbnNafie,0,0,2178
2022-11-28T01:00:00.0,Metro_QatarNationalLibrary,0,0,12271
2022-11-28T01:00:00.0,Metro_QatarUniversity,35,35,12644
2022-11-28T01:00:00.0,Metro_RasBuAbboud,111,111,14086
2022-11-28T01:00:00.0,Metro_RasBuFontas,0,0,1289
2022-11-28T01:00:00.0,Metro_SouqWaqif,40,40,29526
2022-11-28T01:00:00.0,Metro_SportCity,9,9,7984
2022-11-28T01:00:00.0,Metro_TheWhitePalace,0,0,8185
2022-11-28T01:00:00.0,Metro_UmmGhuwailina,0,0,6503
2022-11-28T01:00:00.0,Metro_WestBay,155,155,23015
2022-11-28T02:00:00.0,Metro_AlAziziyah,146,146,6345
2022-11-28T02:00:00.0,Metro_AlBiddaConcourse,116,116,15569
2022-11-28T02:00:00.0,Metro_AlBiddaGreenPlatformNorthBound,0,0,0
2022-11-28T02:00:00.0,Metro_AlBiddaGreenPlatformSouthBound,0,0,0
2022-11-28T02:00:00.0,Metro_AlBiddaRedAndGreenPlatformNorthBound,0,0,0
2022-11-28T02:00:00.0,Metro_AlBiddaRedAndGreenPlatformSouthBound,0,0,0
2022-11-28T02:00:00.0,Metro_AlBiddaRedPlatformNorthBound,0,0,0
2022-11-28T02:00:00.0,Metro_AlBiddaRedPlatformSouthBound,0,0,0
2022-11-28T02:00:00.0,Metro_AlDohaAlJadeda,0,0,11497
2022-11-28T02:00:00.0,Metro_AlMansoura,0,0,19507
2022-11-28T02:00:00.0,Metro_AlMatarAlQadeem,1,1,13937
2022-11-28T02:00:00.0,Metro_AlMessila,50,50,6801
2022-11-28T02:00:00.0,Metro_AlQassar,69,69,17525
2022-11-28T02:00:00.0,Metro_AlRayyanAlQadeem,6,6,7791
2022-11-28T02:00:00.0,Metro_AlRiffa,11,11,4029
2022-11-28T02:00:00.0,Metro_AlSadd,0,0,14084
2022-11-28T02:00:00.0,Metro_AlShaqab,0,0,4078
2022-11-28T02:00:00.0,Metro_AlSudan,10,10,11582
2022-11-28T02:00:00.0,Metro_AlWaabQLM,0,0,4810
2022-11-28T02:00:00.0,Metro_AlWakra,162,162,12385
2022-11-28T02:00:00.0,Metro_BinMahmoud,11,11,14924
2022-11-28T02:00:00.0,Metro_Corniche,17,17,0
2022-11-28T02:00:00.0,Metro_DECC,0,0,16299
2022-11-28T02:00:00.0,Metro_EducationCity,84,84,6965
2022-11-28T02:00:00.0,Metro_FreeZone,0,0,8053
2022-11-28T02:00:00.0,Metro_HamadHospital,13,13,4413
2022-11-28T02:00:00.0,Metro_HamadIntlAirportT1,0,0,12701
2022-11-28T02:00:00.0,Metro_Joaan,18,18,14372
2022-11-28T02:00:00.0,Metro_Katara,0,0,11038
2022-11-28T02:00:00.0,Metro_Legtaifiya,23,23,14413
2022-11-28T02:00:00.0,Metro_Lusail,162,162,2411
2022-11-28T02:00:00.0,Metro_MsheirebConcourse,58,58,15188
2022-11-28T02:00:00.0,Metro_MsheirebGoldPlatformEastBound,0,0,0
2022-11-28T02:00:00.0,Metro_MsheirebGoldPlatformWestBound,0,0,0
2022-11-28T02:00:00.0,Metro_MsheirebRedAndGreenPlatformNorthBound,0,0,0
2022-11-28T02:00:00.0,Metro_MsheirebRedAndGreenPlatformSouthBound,0,0,0
2022-11-28T02:00:00.0,Metro_NationalMuseum,0,0,8906
2022-11-28T02:00:00.0,Metro_OqbaIbnNafie,0,0,2510
2022-11-28T02:00:00.0,Metro_QatarNationalLibrary,44,44,10799
2022-11-28T02:00:00.0,Metro_QatarUniversity,45,45,13877
2022-11-28T02:00:00.0,Metro_RasBuAbboud,0,0,15560
2022-11-28T02:00:00.0,Metro_RasBuFontas,0,0,1343
2022-11-28T02:00:00.0,Metro_SouqWaqif,27,27,37120
2022-11-28T02:00:00.0,Metro_SportCity,9,9,8144
2022-11-28T02:00:00.0,Metro_TheWhitePalace,0,0,8559
2022-11-28T02:00:00.0,Metro_UmmGhuwailina,0,0,6679
2022-11-28T02:00:00.0,Metro_WestBay,96,96,26128
